"serialno","division","age","married","children","youngkid","literacy","earners","income","weight","height","tealeave","dayswork","hookworm","roundwor","whipworm","newhb"
1,"G",38,"M",3,0,"C",2,"B",36,1.4,12.03,14,NA,NA,NA,9.6
2,"G",53,"W",6,0,"B",2,"A",59,1.54,13.5,13,FALSE,FALSE,FALSE,9.5
3,"G",30,"M",3,2,"B",2,"A",38,1.47,12.04,15,FALSE,FALSE,FALSE,9.7
4,"G",41,"M",4,0,"A",1,"A",40,1.42,14.88,14,FALSE,FALSE,FALSE,10.4
5,"G",29,"M",3,0,"C",2,"A",40,1.54,10.72,16,FALSE,FALSE,FALSE,10.2
6,"G",38,"M",2,0,"C",2,"A",36,1.42,10.7,16,FALSE,FALSE,FALSE,9.6
7,"G",40,"M",4,0,"C",2,"A",30,1.49,12.42,20,FALSE,FALSE,FALSE,9.6
8,"G",27,"M",5,0,"A",2,"A",40,1.49,17.3,20,FALSE,FALSE,FALSE,11.8
9,"G",21,"U",0,0,"C",2,"A",47,1.47,10.12,14,FALSE,FALSE,FALSE,9.6
10,"G",35,"M",2,0,"A",2,"A",40,1.43,11.23,12,FALSE,FALSE,FALSE,9.7
11,"G",32,"M",3,1,"C",2,"A",40,1.58,12.8,14,NA,NA,NA,10.1
12,"G",36,"M",2,0,"C",2,"B",40,1.41,27.7,24,FALSE,FALSE,FALSE,13.2
13,"G",35,"M",3,0,"C",2,"B",46,1.48,11.88,13,FALSE,FALSE,FALSE,9.5
14,"G",38,"M",2,0,"A",2,"B",32,1.43,16.6,18,FALSE,FALSE,FALSE,10.7
15,"G",20,"U",0,0,"C",3,"A",47,1.48,22.44,26,FALSE,FALSE,FALSE,13.3
16,"G",25,"M",4,1,"C",2,"B",39,1.47,10.84,17,FALSE,FALSE,FALSE,10
17,"G",35,"M",3,1,"C",2,"B",37,1.45,10.17,19,FALSE,FALSE,FALSE,10.1
18,"G",58,"W",1,0,"C",4,"B",42,1.47,18.15,25,FALSE,FALSE,FALSE,11.5
19,"G",23,"U",0,0,"C",2,"A",36,1.43,20.91,27,FALSE,FALSE,FALSE,14.2
20,"G",38,"M",3,2,"C",2,"B",35,1.46,12.32,9,TRUE,FALSE,FALSE,9.6
21,"G",28,"M",2,1,"C",2,"B",36,1.48,10.41,15,NA,NA,NA,9.8
22,"G",28,"M",2,0,"C",3,"C",50,1.5,16.8,23,FALSE,FALSE,FALSE,11.5
23,"G",44,"M",2,0,"C",2,"B",39,1.45,17.18,27,FALSE,FALSE,FALSE,12.8
24,"G",52,"M",1,0,"C",2,"B",39,1.46,10.66,20,FALSE,FALSE,FALSE,10.5
25,"G",29,"M",2,1,"C",2,"B",39,1.56,17.21,24,TRUE,TRUE,TRUE,11
26,"G",52,"M",4,0,"C",3,"C",43,1.52,15.95,21,FALSE,FALSE,FALSE,11.2
27,"G",28,"M",2,1,"C",2,"B",49,1.59,19.68,23,FALSE,FALSE,FALSE,11
28,"G",29,"M",3,1,"C",3,"C",42,1.46,16.12,22,FALSE,FALSE,FALSE,11.3
29,"G",39,"M",3,0,"C",4,"C",40,1.51,17,20,NA,NA,NA,11.8
30,"G",21,"M",2,1,"C",2,"B",35,1.47,15.06,21,FALSE,FALSE,FALSE,11.4
31,"G",27,"M",2,1,"C",2,"B",39,1.43,13.09,19,FALSE,FALSE,FALSE,10.5
32,"G",46,"M",2,0,"C",2,"B",41,1.52,12.74,16,FALSE,FALSE,FALSE,9.8
33,"G",31,"M",5,2,"A",2,"A",39,1.46,11.26,14,FALSE,FALSE,FALSE,9.7
34,"G",36,"M",6,3,"A",2,"A",47,1.55,13.01,15,FALSE,FALSE,FALSE,10.1
35,"G",23,"M",2,2,"A",2,"A",56,1.58,9.24,14,FALSE,FALSE,FALSE,9.7
36,"G",28,"M",3,2,"A",2,"A",41,1.5,6.17,10,FALSE,FALSE,FALSE,9.8
37,"G",47,"M",4,0,"A",2,"A",48,1.47,14.64,14,FALSE,FALSE,FALSE,10.3
38,"G",19,"M",1,1,"A",2,"B",42,1.41,14.24,16,FALSE,FALSE,FALSE,10.1
39,"G",28,"M",2,1,"C",2,"A",40,1.48,10.46,13,FALSE,FALSE,FALSE,9.7
40,"G",28,"M",3,2,"A",2,"A",36,1.45,9.01,10,FALSE,FALSE,FALSE,9.9
41,"G",25,"M",3,2,"C",2,"A",40,1.43,14.6,15,FALSE,FALSE,FALSE,10.9
42,"G",27,"M",3,2,"A",2,"A",44,1.49,14.42,17,NA,NA,NA,10.6
43,"G",33,"M",3,1,"A",2,"B",43,1.58,13.71,20,FALSE,FALSE,FALSE,10.6
44,"G",35,"M",2,0,"A",2,"B",44,1.47,14.99,16,FALSE,FALSE,FALSE,11.6
45,"G",44,"M",2,0,"A",4,"C",44,1.37,16.78,21,FALSE,FALSE,FALSE,11.7
46,"G",34,"M",3,0,"A",4,"C",42,1.35,20.4,23,FALSE,FALSE,FALSE,11.7
47,"G",22,"M",2,2,"A",2,"B",40,1.47,11.68,14,FALSE,FALSE,FALSE,8.2
48,"G",28,"M",5,3,"A",2,"C",38,1.49,11.28,15,FALSE,FALSE,FALSE,7.7
49,"G",22,"M",2,2,"A",2,"B",42,1.61,11.68,16,FALSE,FALSE,FALSE,8.2
50,"G",25,"M",2,2,"A",2,"A",36,1.48,7.54,20,FALSE,FALSE,FALSE,9.4
51,"S",49,"M",5,0,"A",2,"A",36,1.47,17.8,19,FALSE,FALSE,FALSE,12.5
52,"S",49,"M",6,0,"A",2,"A",36,1.47,17.8,24,FALSE,FALSE,FALSE,12.5
53,"S",41,"M",6,0,"A",2,"A",36,1.44,15.22,23,FALSE,FALSE,FALSE,12.6
54,"S",49,"M",6,0,"A",3,"B",34,1.52,10.36,17,FALSE,TRUE,FALSE,11.6
55,"S",32,"M",4,0,"A",1,"B",45,1.62,12.99,18,FALSE,TRUE,TRUE,10.7
56,"S",33,"M",2,0,"A",2,"A",33,1.46,21.98,29,NA,NA,NA,14.5
57,"S",30,"M",5,0,"A",1,"A",42,1.52,14.66,16,NA,NA,NA,11
58,"S",30,"M",9,3,"A",3,"A",34,1.46,22.89,26,FALSE,FALSE,FALSE,13.5
59,"S",26,"U",0,0,"A",1,"B",35.1,1.51,21.98,26,NA,NA,NA,14.5
60,"S",26,"U",0,0,"A",1,"B",35,1.51,15.89,25,FALSE,FALSE,FALSE,12.5
61,"S",26,"U",0,0,"A",2,"B",45,1.53,16.25,22,NA,NA,NA,12.3
62,"S",58,"M",6,1,"A",2,"A",49,1.52,16.23,23,FALSE,FALSE,FALSE,11.5
63,"S",58,"M",6,2,"A",2,"B",38,1.5,19.58,29,NA,NA,NA,13.5
64,"S",42,"M",5,0,"A",2,"A",34,1.53,16.23,21,FALSE,FALSE,FALSE,11.8
65,"S",48,"M",6,0,"A",2,"B",38.1,1.48,14.74,17,NA,NA,NA,10.2
66,"S",51,"M",9,0,"A",2,"A",34,1.39,15.23,22,FALSE,TRUE,FALSE,11.6
67,"S",43,"M",5,1,"A",2,"A",44,1.4,8.1,21,NA,NA,NA,9.7
68,"S",27,"U",0,0,"A",2,"A",35,1.45,17.32,24,FALSE,FALSE,FALSE,12.2
69,"S",39,"M",6,0,"A",1,"B",35,1.52,14.85,16,NA,NA,NA,11.4
70,"S",42,"M",9,0,"A",1,"A",33,1.46,16.89,23,FALSE,FALSE,FALSE,11.4
71,"S",48,"M",5,2,"A",2,"B",36,1.45,13.89,15,NA,NA,NA,10.5
72,"S",29,"M",6,1,"A",1,"A",38,1.58,14.5,18,FALSE,FALSE,FALSE,10.4
73,"S",25,"M",5,0,"A",2,"B",38,1.57,16.34,23,NA,NA,NA,12.4
74,"S",26,"M",6,0,"A",2,"B",33,1.44,13.89,19,FALSE,TRUE,FALSE,11.9
75,"S",24,"M",5,1,"A",2,"B",41,1.52,13.01,15,FALSE,TRUE,FALSE,10.2
76,"S",47,"M",6,0,"A",3,"B",43,1.53,16.59,24,NA,NA,NA,12.4
77,"S",21,"M",5,4,"A",2,"A",44,1.48,18.56,26,FALSE,FALSE,FALSE,13.2
78,"S",50,"M",9,3,"A",1,"A",42,1.55,12.5,17,FALSE,FALSE,FALSE,10.2
79,"S",27,"U",0,0,"A",1,"A",43,1.6,13.45,18,NA,NA,NA,11.9
80,"S",48,"M",9,0,"A",2,"B",43,1.14,22.13,29,FALSE,FALSE,FALSE,13
81,"S",47,"M",6,0,"A",1,"B",42,1.47,11.56,19,TRUE,TRUE,FALSE,11.2
82,"S",35,"M",10,0,"A",1,"B",41,1.48,16.55,24,NA,NA,NA,12.3
83,"S",55,"M",9,2,"A",2,"A",43,1.51,10.56,10,FALSE,TRUE,FALSE,9.3
84,"S",38,"M",6,0,"A",2,"A",34,1.42,18.44,25,FALSE,FALSE,FALSE,13.5
85,"S",52,"M",6,1,"A",1,"A",41,1.55,12.15,9,FALSE,FALSE,FALSE,8.9
86,"S",28,"M",6,1,"A",2,"B",45,1.47,18.22,26,NA,NA,NA,13.3
87,"S",49,"M",6,3,"A",3,"A",37,1.57,14,19,FALSE,FALSE,FALSE,10.3
88,"S",39,"M",9,0,"A",2,"A",36,1.52,18.56,28,FALSE,FALSE,FALSE,13
89,"S",51,"M",9,0,"A",2,"B",45,1.4,18.23,29,FALSE,FALSE,FALSE,14.3
90,"S",55,"M",3,0,"A",2,"B",40,1.57,13.56,20,NA,NA,NA,11.1
91,"S",55,"M",6,1,"A",1,"B",39,1.59,13.56,20,FALSE,FALSE,FALSE,11.1
92,"S",50,"M",5,0,"A",3,"A",31,1.4,16.25,21,FALSE,FALSE,FALSE,11.2
93,"S",50,"M",6,0,"A",1,"A",38,1.44,14.22,21,NA,NA,NA,10.4
94,"S",39,"M",5,3,"A",1,"B",40,1.45,14.23,14,FALSE,FALSE,FALSE,10.4
95,"S",53,"M",6,0,"A",2,"A",45,1.58,13.5,16,FALSE,FALSE,FALSE,11.1
96,"S",49,"M",5,2,"A",1,"A",55,1.45,6.98,8,TRUE,FALSE,FALSE,9.8
97,"S",35,"M",0,0,"A",3,"A",43,1.58,17.65,19,FALSE,FALSE,FALSE,12.2
98,"S",31,"M",6,0,"A",1,"B",48,1.53,17.65,25,FALSE,TRUE,FALSE,12.3
99,"S",28,"M",6,1,"A",2,"A",49,1.54,13.2,17,FALSE,TRUE,FALSE,11.1
100,"S",22,"M",5,0,"A",2,"B",40,1.43,14.23,19,FALSE,FALSE,FALSE,11.8
101,"S",50,"M",9,0,"A",3,"B",50,1.48,13.65,15,FALSE,FALSE,FALSE,11.6
102,"S",24,"M",5,0,"A",1,"A",43,1.43,14.33,21,NA,NA,NA,10.8
103,"S",32,"M",6,0,"A",1,"B",39,1.5,13.25,23,TRUE,FALSE,FALSE,10.3
104,"S",33,"M",6,3,"A",1,"B",33,1.45,13.56,21,FALSE,FALSE,FALSE,10.4
105,"S",38,"M",5,3,"A",2,"A",38,1.51,13.9,15,TRUE,FALSE,FALSE,10.2
106,"S",34,"M",2,0,"A",1,"A",34,1.42,16.25,26,FALSE,FALSE,FALSE,11.5
107,"S",55,"M",2,1,"A",2,"B",41,1.5,15.9,23,FALSE,FALSE,FALSE,11.2
108,"S",28,"M",2,1,"A",2,"B",41,1.5,19.32,28,FALSE,FALSE,FALSE,13
109,"S",30,"M",6,3,"A",2,"A",35,1.05,14.5,18,FALSE,FALSE,FALSE,10.3
110,"S",26,"M",1,0,"A",2,"A",40,1.56,18.56,27,TRUE,TRUE,FALSE,13
111,"S",27,"M",2,0,"A",3,"A",66.1,1.51,15.56,22,FALSE,FALSE,FALSE,11
112,"S",35,"M",2,1,"A",3,"A",35,1.52,16.24,21,FALSE,FALSE,FALSE,11.8
113,"S",39,"M",4,1,"A",3,"B",38,1.48,14.22,19,FALSE,FALSE,FALSE,10.8
114,"S",33,"M",6,4,"A",1,"A",40,1.47,5.9,5,FALSE,TRUE,FALSE,9.8
115,"S",29,"M",3,1,"A",2,"B",50,1.51,19.25,26,FALSE,FALSE,FALSE,14.7
116,"S",36,"M",6,4,"A",1,"A",35,1.42,9.1,15,TRUE,TRUE,FALSE,9.6
117,"S",27,"M",4,0,"A",2,"B",45,1.56,13.56,14,FALSE,FALSE,FALSE,11.8
118,"S",28,"M",4,1,"A",1,"A",60,1.65,3.68,18,FALSE,FALSE,TRUE,11.9
119,"S",24,"M",0,1,"A",1,"B",30,1.36,14.25,17,FALSE,FALSE,FALSE,11.4
120,"S",24,"M",3,2,"A",2,"A",35,1.47,19.33,24,FALSE,FALSE,FALSE,13.4
121,"S",24,"M",2,4,"A",3,"B",35,1.48,14.65,19,FALSE,FALSE,FALSE,10.5
122,"S",44,"M",4,0,"A",2,"B",36,1.44,20.15,29,FALSE,TRUE,FALSE,15.4
123,"S",57,"M",5,0,"A",1,"A",44,1.53,16.59,20,FALSE,FALSE,FALSE,11.7
124,"S",45,"M",6,0,"A",2,"B",38,1.58,14.59,16,FALSE,FALSE,FALSE,10.6
125,"S",35,"M",5,1,"A",1,"A",35,1.52,15.1,22,FALSE,FALSE,FALSE,11.4
126,"F",47,"M",5,1,"A",1,"B",43,1.61,16.88,22,NA,NA,NA,12.6
127,"F",45,"M",7,3,"A",2,"B",35,1.41,15.25,25,NA,NA,NA,12
128,"F",41,"M",4,3,"A",1,"C",44,1.56,15.88,22,FALSE,TRUE,FALSE,11.9
129,"F",36,"M",8,1,"A",1,"B",38.1,1.59,18.96,20,NA,NA,NA,11.4
130,"F",36,"M",8,4,"B",1,"A",35,1.36,9.52,17,NA,NA,NA,10.6
131,"F",40,"M",8,0,"A",2,"C",34,1.45,15.56,21,NA,NA,NA,11.8
132,"F",39,"M",8,1,"A",2,"A",38,1.54,12.49,12,FALSE,TRUE,FALSE,9.7
133,"F",36,"W",7,4,"A",2,"A",37,1.49,14.89,20,NA,NA,NA,10.8
134,"F",40,"M",8,2,"A",1,"B",36,1.45,13.46,25,FALSE,FALSE,FALSE,12.2
135,"F",45,"M",2,1,"A",2,"B",38,1.5,13.46,21,FALSE,FALSE,FALSE,11.4
136,"F",36,"M",4,3,"A",2,"B",37,1.53,16.88,25,FALSE,TRUE,FALSE,12.8
137,"F",32,"M",6,4,"A",1,"C",43,1.41,16.89,21,NA,NA,NA,12.8
138,"F",38,"M",4,3,"A",1,"B",40,1.45,23.45,24,FALSE,FALSE,FALSE,11.5
139,"F",46,"M",4,2,"A",1,"B",45,1.5,16.32,23,FALSE,TRUE,FALSE,12.1
140,"F",36,"M",8,3,"A",2,"A",45,1.47,10.56,19,FALSE,FALSE,FALSE,10.4
141,"F",48,"M",5,2,"A",1,"B",35,1.42,15.78,19,FALSE,FALSE,FALSE,12
142,"F",33,"M",8,3,"B",3,"A",35,1.52,13.72,14,FALSE,FALSE,FALSE,10.7
143,"F",45,"M",4,2,"C",1,"B",44,1.48,15.89,25,FALSE,FALSE,FALSE,12.6
144,"F",41,"M",5,2,"A",2,"C",43,1.53,15.23,23,FALSE,FALSE,FALSE,12.8
145,"F",41,"M",4,1,"A",4,"A",45,1.47,18.23,23,FALSE,FALSE,FALSE,14.8
146,"F",30,"M",8,1,"A",2,"C",55,1.46,20.12,21,FALSE,TRUE,FALSE,11.6
147,"F",36,"M",6,3,"A",1,"A",45,1.47,7.42,13,FALSE,TRUE,FALSE,9.3
148,"F",26,"U",0,2,"C",3,"C",45,1.42,7.42,26,FALSE,TRUE,FALSE,15.4
149,"F",36,"M",6,0,"B",1,"B",46,1.48,16.23,20,FALSE,FALSE,FALSE,12
150,"F",42,"M",5,3,"A",3,"B",34,1.51,14.86,17,FALSE,FALSE,FALSE,11.2
151,"F",38,"M",7,4,"B",3,"B",34,1.52,10.23,18,NA,NA,NA,10.1
152,"F",40,"M",6,4,"A",3,"A",52,1.47,8.56,8,NA,TRUE,FALSE,6.9
153,"F",37,"M",7,3,"A",2,"A",45,1.54,13.46,15,FALSE,TRUE,FALSE,10.9
154,"F",30,"M",4,3,"A",2,"C",41,1.43,15.66,26,NA,NA,NA,11.7
155,"F",30,"M",5,0,"A",2,"C",42,1.5,15.25,18,FALSE,FALSE,FALSE,12.1
156,"F",36,"M",8,2,"B",1,"B",34,1.52,19.42,25,FALSE,TRUE,FALSE,11.3
157,"F",45,"M",4,2,"A",3,"C",37,1.52,16.28,19,NA,NA,NA,11
158,"F",39,"M",4,2,"B",2,"C",40,1.56,17.46,21,FALSE,FALSE,FALSE,11.3
159,"F",34,"M",5,4,"A",3,"A",36,1.5,10.79,5,TRUE,TRUE,FALSE,9.9
160,"F",32,"M",6,1,"A",2,"A",37,1.5,13.45,14,FALSE,TRUE,FALSE,10.9
161,"F",49,"M",6,1,"C",1,"C",51,1.52,16.23,22,NA,NA,NA,12.7
162,"F",42,"M",4,3,"B",2,"C",40,1.54,18.96,23,NA,NA,NA,11.2
163,"F",39,"M",3,2,"B",3,"A",42,1.6,14.74,16,FALSE,FALSE,FALSE,11.5
164,"F",48,"M",3,2,"C",2,"B",39,1.58,16.58,24,FALSE,FALSE,FALSE,12.7
165,"F",41,"M",5,1,"A",2,"B",40,1.44,17.46,22,FALSE,FALSE,FALSE,11
166,"F",35,"M",8,3,"C",3,"A",35,1.52,13.76,13,NA,NA,NA,10.5
167,"F",35,"M",6,1,"B",2,"A",37,1.49,15.25,15,FALSE,FALSE,TRUE,10.8
168,"F",39,"M",8,2,"A",2,"A",38,1.49,14.23,14,NA,NA,NA,10.1
169,"F",40,"M",10,4,"A",3,"A",34,1.49,9.13,18,FALSE,TRUE,FALSE,10.9
170,"F",36,"M",8,4,"A",2,"A",37,1.54,9.4,4,TRUE,FALSE,FALSE,7.9
171,"F",40,"M",5,2,"B",3,"A",37,1.47,13.58,17,NA,NA,NA,11.2
172,"F",32,"M",6,2,"A",2,"A",37,1.42,14.56,14,FALSE,TRUE,FALSE,10.1
173,"F",31,"M",7,4,"B",3,"A",38,1.49,13.29,18,NA,NA,NA,10.1
174,"F",34,"M",8,2,"B",1,"A",36,1.43,9.1,19,FALSE,FALSE,FALSE,10.9
175,"F",35,"M",6,2,"B",2,"B",40,1.44,13.45,17,FALSE,TRUE,FALSE,10.4
176,"F",44,"M",6,4,"B",2,"C",35,1.46,10.12,15,FALSE,FALSE,FALSE,11.4
177,"F",47,"M",6,4,"B",3,"A",40,1.55,10.12,14,FALSE,FALSE,FALSE,11.9
178,"F",36,"M",4,2,"A",2,"B",45,1.61,14.76,20,FALSE,FALSE,FALSE,10.8
179,"F",42,"M",7,3,"B",3,"B",40,1.49,13,19,FALSE,FALSE,FALSE,11.7
180,"F",41,"M",2,0,"A",1,"C",45,1.48,17,25,FALSE,FALSE,FALSE,12.4
181,"F",33,"M",6,2,"A",2,"A",44,1.53,14.25,28,FALSE,TRUE,FALSE,10.6
182,"F",47,"M",6,0,"A",2,"C",39,1.56,15.65,22,FALSE,FALSE,FALSE,12
183,"F",35,"M",8,2,"B",2,"B",35,1.42,13.46,17,FALSE,TRUE,FALSE,10.7
184,"F",36,"M",5,0,"A",1,"B",43,1.44,15.22,23,FALSE,FALSE,FALSE,11.8
185,"F",35,"M",7,4,"A",1,"A",37,1.5,6.13,12,FALSE,TRUE,FALSE,9
186,"F",32,"M",7,1,"B",2,"B",32,1.36,16.58,20,FALSE,FALSE,FALSE,12.8
187,"F",39,"M",4,3,"B",1,"C",45,1.62,16.32,21,FALSE,TRUE,FALSE,12.5
188,"F",35,"M",4,2,"C",2,"C",49,1.53,16.59,19,FALSE,FALSE,FALSE,12.3
189,"F",40,"M",8,2,"B",2,"C",35,1.43,12.05,15,FALSE,FALSE,FALSE,11.6
190,"F",42,"M",4,3,"A",2,"C",49,1.52,16.88,24,FALSE,TRUE,FALSE,12.7
191,"F",42,"M",4,3,"A",1,"B",40,1.46,16.32,26,FALSE,FALSE,FALSE,12.1
192,"F",36,"M",4,1,"A",3,"A",45,1.47,11.45,14,FALSE,TRUE,FALSE,11.4
193,"F",36,"M",6,3,"B",1,"B",44,1.41,16.44,21,FALSE,FALSE,FALSE,12.4
194,"F",32,"M",5,2,"A",1,"A",49,1.53,15.23,20,FALSE,FALSE,FALSE,11.7
195,"F",33,"M",4,1,"B",2,"B",35,1.6,13.49,16,FALSE,FALSE,FALSE,11.5
196,"F",44,"M",4,1,"A",2,"B",55,1.52,16.56,24,FALSE,TRUE,FALSE,12.3
197,"F",41,"M",5,4,"A",2,"A",45,1.49,14.25,18,FALSE,FALSE,FALSE,11.6
198,"F",35,"M",5,2,"A",2,"C",42,1.41,19.46,25,FALSE,FALSE,FALSE,11.5
199,"F",35,"M",6,4,"B",3,"A",36,1.52,19.46,17,FALSE,FALSE,FALSE,11
200,"F",48,"M",8,2,"A",2,"B",33,1.44,15.46,23,FALSE,FALSE,FALSE,11
201,"F",36,"M",7,3,"B",1,"C",41,1.52,16.7,21,TRUE,FALSE,FALSE,12.8
202,"N",21,"M",6,2,"B",1,"A",45,2.31,14.25,19,NA,NA,NA,10.8
203,"N",23,"M",5,3,"A",2,"B",36,2.62,13.26,18,FALSE,TRUE,FALSE,10.1
204,"N",40,"M",6,1,"A",2,"A",35,2.13,16.66,23,FALSE,FALSE,TRUE,12.8
205,"N",43,"M",7,2,"A",1,"B",36,2.5,15.28,24,NA,NA,NA,11.3
206,"N",37,"M",6,1,"B",2,"B",49,2.4,16.32,25,NA,NA,NA,12.5
207,"N",32,"M",5,4,"A",1,"A",38,2,10.45,11,TRUE,FALSE,TRUE,9.8
208,"N",41,"M",6,4,"A",2,"A",34,2.25,8.56,14,TRUE,FALSE,FALSE,9.4
209,"N",35,"M",8,3,"B",2,"B",48,2,9.56,15,NA,NA,NA,9.8
210,"N",30,"M",6,2,"B",1,"B",34,2.28,13.56,17,TRUE,TRUE,TRUE,11
211,"N",55,"M",5,4,"A",2,"A",45,2.25,8.64,13,TRUE,TRUE,TRUE,9.5
212,"N",33,"M",6,2,"B",4,"B",66,2.72,23.03,25,NA,NA,NA,14.1
213,"N",39,"M",9,2,"B",1,"A",39,2.19,11.23,12,FALSE,FALSE,TRUE,9.6
214,"N",34,"M",8,1,"A",2,"A",38,1.93,16.32,26,FALSE,TRUE,FALSE,12.2
215,"N",36,"M",6,1,"A",2,"A",45,2.31,13.88,19,FALSE,TRUE,FALSE,10.2
216,"N",46,"M",9,4,"A",1,"A",37,2.19,10.23,10,FALSE,TRUE,FALSE,9.6
217,"N",46,"M",9,2,"A",1,"A",38,2.56,8.23,14,NA,NA,NA,9
218,"N",39,"M",6,2,"A",1,"A",38,2.1,16.89,24,FALSE,TRUE,FALSE,12.1
219,"N",42,"W",9,2,"A",1,"A",45,2.1,9.55,15,NA,NA,NA,9.2
220,"N",31,"M",6,2,"A",1,"A",45,2.04,11.23,13,FALSE,TRUE,FALSE,9.8
221,"N",42,"M",10,2,"A",2,"B",40,2.1,8.56,15,FALSE,TRUE,FALSE,9.6
222,"N",35,"U",0,0,"A",2,"A",35,2.02,20.32,14,NA,NA,NA,9.6
223,"N",50,"M",9,3,"A",2,"A",37,2.1,9.55,16,FALSE,TRUE,TRUE,9.6
224,"N",30,"M",7,1,"B",1,"B",39,1.96,16.23,25,FALSE,FALSE,FALSE,11.9
225,"N",38,"M",6,3,"A",1,"B",43,2.31,16.44,19,FALSE,FALSE,FALSE,12.6
226,"N",35,"M",9,2,"B",1,"B",38,2.41,15.23,22,FALSE,TRUE,FALSE,11.1
227,"N",31,"M",9,4,"A",1,"A",38,2.28,8.23,20,FALSE,FALSE,FALSE,7.2
228,"N",35,"M",0,0,"A",3,"A",38,2.28,19.36,29,FALSE,TRUE,FALSE,13.2
229,"N",35,"M",10,3,"A",1,"A",35,2.16,6.32,12,TRUE,TRUE,FALSE,7.9
230,"N",39,"M",6,2,"A",1,"A",45,2.1,8.2,13,FALSE,FALSE,FALSE,6.9
231,"N",40,"M",10,2,"A",2,"A",35,2.1,9.56,10,TRUE,FALSE,FALSE,9.2
232,"N",33,"M",10,3,"B",3,"B",37,2.31,15.87,20,FALSE,FALSE,FALSE,11.7
233,"N",37,"M",6,4,"A",1,"A",52,2.37,9.6,11,TRUE,FALSE,FALSE,6.8
234,"N",20,"M",3,1,"A",2,"A",42,2.16,13.44,16,TRUE,FALSE,FALSE,10.8
235,"N",39,"M",10,2,"B",1,"B",44,1.82,16.25,20,TRUE,FALSE,FALSE,11.6
236,"N",32,"M",6,2,"A",3,"A",45,2.31,17.58,26,FALSE,TRUE,FALSE,11.8
237,"N",39,"M",3,1,"A",2,"A",42,2.19,16.89,24,FALSE,TRUE,FALSE,12.5
238,"N",34,"M",4,2,"A",3,"A",41,2.16,15.77,25,FALSE,TRUE,FALSE,11.4
239,"N",36,"M",6,1,"B",1,"B",50,2.19,12.23,27,FALSE,FALSE,FALSE,13.8
240,"N",36,"M",5,2,"A",1,"B",41,2.34,16.88,21,FALSE,FALSE,FALSE,11.9
241,"N",46,"M",6,3,"A",2,"A",36,2.31,7.44,12,FALSE,TRUE,FALSE,9.5
242,"N",33,"M",4,3,"A",1,"A",36,2,12.54,14,FALSE,TRUE,FALSE,9.7
243,"N",34,"M",5,2,"B",1,"B",43,1.99,15.23,22,TRUE,FALSE,TRUE,12.6
244,"N",39,"M",6,1,"B",2,"B",39,2.31,18.45,23,FALSE,FALSE,FALSE,13.1
245,"N",33,"M",5,1,"A",2,"A",38,2.07,15.44,24,FALSE,FALSE,FALSE,11.5
246,"N",35,"M",6,3,"A",2,"A",44,2.4,16.98,23,FALSE,TRUE,FALSE,12.2
247,"N",35,"M",5,4,"A",1,"A",38,2.16,7.54,15,TRUE,TRUE,TRUE,9.2
248,"N",38,"M",5,1,"C",3,"B",45,2.04,16.87,22,FALSE,FALSE,FALSE,12.2
249,"N",33,"M",6,2,"A",1,"A",50,2.02,17.25,26,FALSE,FALSE,FALSE,13.1
250,"N",34,"M",5,2,"A",1,"A",43,2.04,16.55,23,FALSE,TRUE,FALSE,12.2
251,"N",34,"M",6,4,"A",1,"A",36,2.07,11.99,13,FALSE,TRUE,FALSE,9.8
252,"Y",34,"M",6,4,"A",1,"A",36,1.47,9.54,10,FALSE,FALSE,TRUE,9.6
253,"Y",42,"M",5,3,"A",1,"A",40,1.45,14.81,15,FALSE,FALSE,FALSE,10.4
254,"Y",35,"M",4,2,"A",1,"A",37,1.54,13.88,17,NA,NA,NA,10.5
255,"Y",54,"W",8,4,"A",1,"A",39,1.47,10.98,6,NA,NA,NA,8.5
256,"Y",45,"M",6,1,"A",1,"A",38,1.57,13.41,18,FALSE,TRUE,FALSE,10.2
257,"Y",56,"W",9,4,"A",1,"A",40,1.43,10.75,18,FALSE,TRUE,FALSE,9.9
258,"Y",44,"M",8,3,"A",1,"A",39,1.46,14.52,19,NA,NA,NA,10.6
259,"Y",47,"M",8,4,"A",1,"A",35,1.52,9.48,15,FALSE,FALSE,FALSE,9.6
260,"Y",35,"M",6,2,"A",1,"A",40,1.47,13.94,15,NA,NA,NA,10.6
261,"Y",48,"M",5,1,"A",1,"A",36,1.49,14.21,20,NA,NA,NA,10.1
262,"Y",38,"U",6,1,"B",2,"A",41,1.54,13.21,21,NA,NA,NA,10.9
263,"Y",43,"M",8,2,"B",2,"C",37,1.43,19.42,27,NA,NA,NA,13.2
264,"Y",39,"M",4,3,"A",1,"A",42,1.52,14.37,15,NA,NA,NA,11.6
265,"Y",40,"M",3,3,"A",1,"A",38,1.5,14.42,17,NA,NA,NA,11.4
266,"Y",41,"M",4,2,"B",2,"A",43,1.44,15.37,20,NA,NA,NA,11
267,"Y",35,"M",4,1,"B",2,"B",45,1.45,16.87,25,FALSE,FALSE,FALSE,12.4
268,"Y",36,"M",4,1,"B",2,"A",44,1.52,15.41,24,FALSE,FALSE,FALSE,11.2
269,"Y",35,"M",8,3,"A",1,"A",35,2.1,7.45,13,TRUE,TRUE,TRUE,9.8
270,"Y",35,"M",5,2,"A",1,"A",38,1.48,9.56,10,FALSE,TRUE,FALSE,9.3
271,"Y",36,"U",0,0,"B",2,"A",35,1.45,8.56,12,FALSE,FALSE,FALSE,9.6
272,"Y",36,"M",7,4,"B",2,"B",36,1.45,8.56,15,FALSE,FALSE,FALSE,9.4
273,"Y",37,"M",10,4,"B",1,"A",35,1.47,6.36,12,FALSE,TRUE,FALSE,9.6
274,"Y",37,"W",6,2,"A",1,"A",35,1.43,9.56,14,FALSE,TRUE,FALSE,9.5
275,"Y",38,"U",0,0,"B",1,"A",37,1.52,12.22,10,FALSE,FALSE,FALSE,9.5
276,"Y",38,"M",5,2,"A",1,"A",36,1.46,8.25,12,FALSE,FALSE,FALSE,9.2
277,"Y",39,"U",0,0,"A",1,"A",37,1.54,12.69,13,FALSE,TRUE,FALSE,9.5
278,"Y",39,"M",4,2,"A",1,"A",35,1.45,7.56,15,FALSE,TRUE,FALSE,9.8
279,"Y",40,"M",3,4,"A",1,"A",34,1.52,12.55,14,TRUE,TRUE,FALSE,8.5
280,"Y",41,"M",3,2,"A",3,"B",52,1.47,19.35,29,FALSE,FALSE,FALSE,13.3
281,"Y",42,"M",3,2,"A",1,"A",45,1.5,15.99,19,FALSE,TRUE,FALSE,11.7
282,"Y",42,"M",4,1,"B",2,"A",49,1.54,12.59,20,FALSE,FALSE,FALSE,11.7
283,"Y",43,"M",5,4,"B",2,"A",40,1.44,15.55,15,FALSE,FALSE,FALSE,10.6
284,"Y",43,"M",3,2,"A",1,"A",45,1.49,9.99,16,FALSE,FALSE,FALSE,11.9
285,"Y",44,"M",5,2,"A",1,"B",39,1.43,13.26,18,FALSE,FALSE,FALSE,10.2
286,"Y",44,"M",3,2,"A",1,"A",45,1.5,15.99,17,FALSE,TRUE,FALSE,11
287,"Y",45,"M",6,4,"A",1,"A",35,1.6,8.01,11,FALSE,FALSE,FALSE,6.9
288,"Y",45,"M",6,4,"A",1,"B",38,1.43,14.23,19,FALSE,TRUE,FALSE,11
289,"Y",45,"M",6,4,"A",1,"A",38,1.41,15.32,20,FALSE,TRUE,FALSE,10.4
290,"Y",46,"M",8,4,"A",1,"A",34,1.5,11.23,12,FALSE,FALSE,FALSE,9.3
291,"Y",46,"M",6,4,"A",1,"A",36,1.41,13.62,15,FALSE,TRUE,FALSE,11
292,"Y",46,"W",2,3,"A",1,"A",45,1.54,14.66,14,FALSE,TRUE,FALSE,10.2
293,"Y",25,"M",9,2,"A",1,"B",38,1.54,10.56,13,FALSE,FALSE,FALSE,9.5
294,"Y",47,"M",0,0,"A",2,"B",38,1.43,14.45,21,FALSE,FALSE,FALSE,11
295,"Y",47,"M",0,0,"A",2,"B",45,1.48,6.32,20,FALSE,TRUE,FALSE,11.9
296,"Y",48,"M",2,2,"A",1,"A",38,1.54,9.56,14,TRUE,TRUE,FALSE,9.6
297,"Y",48,"U",0,0,"B",1,"A",40,1.49,13.33,15,FALSE,FALSE,FALSE,9.8
298,"Y",48,"M",3,2,"B",3,"B",50,1.45,15.32,27,FALSE,TRUE,FALSE,11.8
299,"Y",49,"M",2,0,"A",1,"B",37,1.5,9.5,16,FALSE,FALSE,FALSE,9.6
300,"Y",49,"U",0,0,"A",1,"A",37,1.47,8.23,15,FALSE,TRUE,FALSE,9.4
301,"Y",50,"W",3,2,"A",1,"A",35,1.45,9.96,14,FALSE,FALSE,FALSE,9.7
302,"Y",50,"M",5,2,"A",1,"A",38,1.51,7.65,13,FALSE,TRUE,FALSE,9.4
303,"Y",51,"M",4,2,"A",2,"B",35,1.43,7.52,18,FALSE,TRUE,FALSE,9.3
304,"Y",36,"W",9,2,"A",1,"B",36,1.47,9.56,14,FALSE,FALSE,FALSE,9.8
